{
	"format_version": "1.21.6",
	"textures": {
		"1": "block/acacia_leaves/leaves_acacia_01",
		"particle": "block/acacia_leaves/leaves_acacia_01"
	},
	"elements": [
		{
			"from": [-1, 16, 6],
			"to": [17, 16, 20],
			"shade": false,
			"rotation": {"angle": 45, "axis": "x", "origin": [8, 16, 6], "rescale": true},
			"faces": {
				"up": {"uv": [0, 0, 16, 16], "texture": "#1", "tintindex": 0},
				"down": {"uv": [16, 0, 0, 16], "rotation": 180, "texture": "#1", "tintindex": 0}
			}
		},
		{
			"from": [5, 16, -2],
			"to": [19, 16, 16],
			"shade": false,
			"rotation": {"angle": -45, "axis": "z", "origin": [5, 16, 8], "rescale": true},
			"faces": {
				"up": {"uv": [0, 0, 16, 16], "rotation": 270, "texture": "#1", "tintindex": 0},
				"down": {"uv": [0, 16, 16, 0], "rotation": 90, "texture": "#1", "tintindex": 0}
			}
		},
		{
			"from": [-2, 16, -3],
			"to": [16, 16, 11],
			"shade": false,
			"rotation": {"angle": -45, "axis": "x", "origin": [8, 16, 11], "rescale": true},
			"faces": {
				"up": {"uv": [0, 16, 16, 0], "texture": "#1", "tintindex": 0},
				"down": {"uv": [16, 16, 0, 0], "rotation": 180, "texture": "#1", "tintindex": 0}
			}
		},
		{
			"from": [-3, 16, 0],
			"to": [11, 16, 18],
			"shade": false,
			"rotation": {"angle": 45, "axis": "z", "origin": [11, 16, 8], "rescale": true},
			"faces": {
				"up": {"uv": [0, 0, 16, 16], "rotation": 90, "texture": "#1", "tintindex": 0},
				"down": {"uv": [0, 16, 16, 0], "rotation": 270, "texture": "#1", "tintindex": 0}
			}
		},
		{
			"from": [1, -2, 17],
			"to": [17, 14, 17],
			"shade": false,
			"rotation": {"angle": 22.5, "axis": "x", "origin": [9, 14, 17], "rescale": true},
			"faces": {
				"north": {"uv": [16, 0, 0, 16], "texture": "#1", "tintindex": 0},
				"south": {"uv": [0, 0, 16, 16], "texture": "#1", "tintindex": 0}
			}
		},
		{
			"from": [17, -2, -1],
			"to": [17, 14, 15],
			"shade": false,
			"rotation": {"angle": -22.5, "axis": "z", "origin": [17, 14, 7], "rescale": true},
			"faces": {
				"east": {"uv": [0, 0, 16, 16], "texture": "#1", "tintindex": 0},
				"west": {"uv": [0, 16, 16, 0], "rotation": 180, "texture": "#1", "tintindex": 0}
			}
		},
		{
			"from": [-1, -2, -1],
			"to": [15, 14, -1],
			"shade": false,
			"rotation": {"angle": -22.5, "axis": "x", "origin": [7, 14, -1], "rescale": true},
			"faces": {
				"north": {"uv": [0, 16, 16, 0], "rotation": 180, "texture": "#1", "tintindex": 0},
				"south": {"uv": [16, 16, 0, 0], "rotation": 180, "texture": "#1", "tintindex": 0}
			}
		},
		{
			"from": [-1, -2, 1],
			"to": [-1, 14, 17],
			"shade": false,
			"rotation": {"angle": 22.5, "axis": "z", "origin": [-1, 14, 9], "rescale": true},
			"faces": {
				"east": {"uv": [0, 0, 16, 16], "texture": "#1", "tintindex": 0},
				"west": {"uv": [0, 16, 16, 0], "rotation": 180, "texture": "#1", "tintindex": 0}
			}
		},
		{
			"from": [8, 0, 0],
			"to": [8, 16, 16],
			"shade": false,
			"rotation": {"angle": 0, "axis": "x", "origin": [8, 8, 8], "rescale": true},
			"faces": {
				"east": {"uv": [0, 16, 16, 0], "rotation": 180, "texture": "#1", "tintindex": 0},
				"west": {"uv": [0, 0, 16, 16], "texture": "#1", "tintindex": 0}
			}
		},
		{
			"from": [0, 0, 8],
			"to": [16, 16, 8],
			"shade": false,
			"rotation": {"angle": 0, "axis": "z", "origin": [8, 8, 8], "rescale": true},
			"faces": {
				"north": {"uv": [0, 0, 16, 16], "texture": "#1", "tintindex": 0},
				"south": {"uv": [0, 16, 16, 0], "rotation": 180, "texture": "#1", "tintindex": 0}
			}
		}
	],
	"display": {
		"thirdperson_righthand": {
			"rotation": [49, 12, 6],
			"translation": [-0.25, 1.25, -1.25],
			"scale": [0.375, 0.375, 0.375]
		},
		"firstperson_righthand": {
			"rotation": [0, 45, 0],
			"scale": [0.4, 0.4, 0.4]
		},
		"firstperson_lefthand": {
			"rotation": [0, -135, 0],
			"scale": [0.4, 0.4, 0.4]
		},
		"ground": {
			"translation": [0, 3, 0],
			"scale": [0.25, 0.25, 0.25]
		},
		"gui": {
			"rotation": [-138, -106, -180],
			"translation": [0.25, 2.5, 0],
			"scale": [0.5, 0.5, 0.5]
		},
		"fixed": {
			"scale": [0.5, 0.5, 0.5]
		}
	}
}