{
	"format_version": "1.21.6",
	"ambientocclusion": false,
	"textures": {
		"1": "block/flowering_azalea_leaves/leaves_flowering_azalea_01",
		"2": "block/flowering_azalea_leaves/leaves_flowering_azalea_02",
		"3": "block/flowering_azalea_leaves/leaves_flowering_azalea_03",
		"particle": "block/flowering_azalea_leaves/leaves_flowering_azalea_01"
	},
	"elements": [
		{
			"from": [-1, 17, 5],
			"to": [17, 17, 21],
			"shade": false,
			"rotation": {"angle": 22.5, "axis": "x", "origin": [8, 17, 5], "rescale": true},
			"faces": {
				"up": {"uv": [0, 0, 16, 16], "texture": "#2", "tintindex": 0},
				"down": {"uv": [16, 0, 0, 16], "rotation": 180, "texture": "#2", "tintindex": 0}
			}
		},
		{
			"from": [5, 17, -2],
			"to": [21, 17, 16],
			"shade": false,
			"rotation": {"angle": -22.5, "axis": "z", "origin": [5, 17, 8], "rescale": true},
			"faces": {
				"up": {"uv": [0, 0, 16, 16], "rotation": 270, "texture": "#2", "tintindex": 0},
				"down": {"uv": [0, 16, 16, 0], "rotation": 90, "texture": "#2", "tintindex": 0}
			}
		},
		{
			"from": [-2, 17, -5],
			"to": [16, 17, 11],
			"shade": false,
			"rotation": {"angle": -22.5, "axis": "x", "origin": [8, 17, 11], "rescale": true},
			"faces": {
				"up": {"uv": [16, 16, 0, 0], "texture": "#2", "tintindex": 0},
				"down": {"uv": [0, 16, 16, 0], "rotation": 180, "texture": "#2", "tintindex": 0}
			}
		},
		{
			"from": [-5, 17, 0],
			"to": [11, 17, 18],
			"shade": false,
			"rotation": {"angle": 22.5, "axis": "z", "origin": [11, 17, 8], "rescale": true},
			"faces": {
				"up": {"uv": [0, 0, 16, 16], "rotation": 90, "texture": "#2", "tintindex": 0},
				"down": {"uv": [0, 16, 16, 0], "rotation": 270, "texture": "#2", "tintindex": 0}
			}
		},
		{
			"from": [-2, 11, 5],
			"to": [18, 11, 23],
			"shade": false,
			"rotation": {"angle": 22.5, "axis": "x", "origin": [8, 11, 6], "rescale": true},
			"faces": {
				"up": {"uv": [0, 0, 16, 16], "texture": "#1", "cullface": "south", "tintindex": 0},
				"down": {"uv": [16, 0, 0, 16], "rotation": 180, "texture": "#1", "cullface": "south", "tintindex": 0}
			}
		},
		{
			"from": [5, 11, -3],
			"to": [23, 11, 17],
			"shade": false,
			"rotation": {"angle": -22.5, "axis": "z", "origin": [6, 11, 8], "rescale": true},
			"faces": {
				"up": {"uv": [0, 0, 16, 16], "rotation": 270, "texture": "#1", "cullface": "east", "tintindex": 0},
				"down": {"uv": [0, 16, 16, 0], "rotation": 90, "texture": "#1", "cullface": "east", "tintindex": 0}
			}
		},
		{
			"from": [-3, 11, -7],
			"to": [17, 11, 11],
			"shade": false,
			"rotation": {"angle": -22.5, "axis": "x", "origin": [8, 11, 10], "rescale": true},
			"faces": {
				"up": {"uv": [16, 16, 0, 0], "texture": "#1", "cullface": "north", "tintindex": 0},
				"down": {"uv": [0, 16, 16, 0], "rotation": 180, "texture": "#1", "cullface": "north", "tintindex": 0}
			}
		},
		{
			"from": [-7, 11, -1],
			"to": [11, 11, 19],
			"shade": false,
			"rotation": {"angle": 22.5, "axis": "z", "origin": [10, 11, 8], "rescale": true},
			"faces": {
				"up": {"uv": [0, 0, 16, 16], "rotation": 90, "texture": "#1", "cullface": "west", "tintindex": 0},
				"down": {"uv": [0, 16, 16, 0], "rotation": 270, "texture": "#1", "cullface": "west", "tintindex": 0}
			}
		},
		{
			"from": [-5, 10, -1],
			"to": [9, 10, 19],
			"shade": false,
			"rotation": {"angle": 45, "axis": "z", "origin": [8, 10, 8], "rescale": true},
			"faces": {
				"up": {"uv": [0, 0, 16, 16], "rotation": 90, "texture": "#3", "cullface": "west", "tintindex": 0},
				"down": {"uv": [0, 16, 16, 0], "rotation": 270, "texture": "#3", "cullface": "west", "tintindex": 0}
			}
		},
		{
			"from": [-2, 10, 7],
			"to": [18, 10, 21],
			"shade": false,
			"rotation": {"angle": 45, "axis": "x", "origin": [8, 10, 8], "rescale": true},
			"faces": {
				"up": {"uv": [0, 0, 16, 16], "texture": "#3", "cullface": "south", "tintindex": 0},
				"down": {"uv": [16, 0, 0, 16], "rotation": 180, "texture": "#3", "cullface": "south", "tintindex": 0}
			}
		},
		{
			"from": [7, 10, -3],
			"to": [21, 10, 17],
			"shade": false,
			"rotation": {"angle": -45, "axis": "z", "origin": [8, 10, 8], "rescale": true},
			"faces": {
				"up": {"uv": [0, 0, 16, 16], "rotation": 270, "texture": "#3", "cullface": "east", "tintindex": 0},
				"down": {"uv": [0, 16, 16, 0], "rotation": 90, "texture": "#3", "cullface": "east", "tintindex": 0}
			}
		},
		{
			"from": [-3, 10, -5],
			"to": [17, 10, 9],
			"shade": false,
			"rotation": {"angle": -45, "axis": "x", "origin": [8, 10, 8], "rescale": true},
			"faces": {
				"up": {"uv": [16, 16, 0, 0], "texture": "#3", "cullface": "north", "tintindex": 0},
				"down": {"uv": [0, 16, 16, 0], "rotation": 180, "texture": "#3", "cullface": "north", "tintindex": 0}
			}
		}
	],
	"display": {
		"thirdperson_righthand": {
			"rotation": [75, 45, 0],
			"translation": [0, 2.5, 0],
			"scale": [0.375, 0.375, 0.375]
		},
		"firstperson_righthand": {
			"rotation": [0, 45, 0],
			"scale": [0.4, 0.4, 0.4]
		},
		"firstperson_lefthand": {
			"rotation": [0, -135, 0],
			"scale": [0.4, 0.4, 0.4]
		},
		"ground": {
			"translation": [0, 3, 0],
			"scale": [0.25, 0.25, 0.25]
		},
		"gui": {
			"rotation": [30, -135, 0],
			"translation": [0.25, 1.5, 0],
			"scale": [0.625, 0.625, 0.625]
		},
		"fixed": {
			"scale": [0.5, 0.5, 0.5]
		}
	}
}