{
	"format_version": "1.21.6",
	"ambientocclusion": false,
	"textures": {
		"1": "block/flowering_azalea_leaves/leaves_flowering_azalea_01",
		"2": "block/flowering_azalea_leaves/leaves_flowering_azalea_02",
		"3": "block/flowering_azalea_leaves/leaves_flowering_azalea_03",
		"particle": "block/flowering_azalea_leaves/leaves_flowering_azalea_01"
	},
	"elements": [
		{
			"from": [-1, 17, 6],
			"to": [17, 17, 22],
			"shade": false,
			"rotation": {"angle": 22.5, "axis": "x", "origin": [8, 17, 6], "rescale": true},
			"faces": {
				"up": {"uv": [0, 0, 16, 16], "texture": "#3", "tintindex": 0},
				"down": {"uv": [16, 0, 0, 16], "rotation": 180, "texture": "#3", "tintindex": 0}
			}
		},
		{
			"from": [5, 17, -2],
			"to": [21, 17, 16],
			"shade": false,
			"rotation": {"angle": -22.5, "axis": "z", "origin": [5, 17, 8], "rescale": true},
			"faces": {
				"up": {"uv": [0, 0, 16, 16], "rotation": 270, "texture": "#3", "tintindex": 0},
				"down": {"uv": [0, 16, 16, 0], "rotation": 90, "texture": "#3", "tintindex": 0}
			}
		},
		{
			"from": [-2, 17, -5],
			"to": [16, 17, 11],
			"shade": false,
			"rotation": {"angle": -22.5, "axis": "x", "origin": [8, 17, 11], "rescale": true},
			"faces": {
				"up": {"uv": [16, 16, 0, 0], "texture": "#3", "tintindex": 0},
				"down": {"uv": [0, 16, 16, 0], "rotation": 180, "texture": "#3", "tintindex": 0}
			}
		},
		{
			"from": [-6, 17, 0],
			"to": [10, 17, 18],
			"shade": false,
			"rotation": {"angle": 22.5, "axis": "z", "origin": [10, 17, 8], "rescale": true},
			"faces": {
				"up": {"uv": [0, 0, 16, 16], "rotation": 90, "texture": "#3", "tintindex": 0},
				"down": {"uv": [0, 16, 16, 0], "rotation": 270, "texture": "#3", "tintindex": 0}
			}
		},
		{
			"from": [-1, 17, 8],
			"to": [18, 17, 21],
			"shade": false,
			"rotation": {"angle": 45, "axis": "x", "origin": [9, 17, 8], "rescale": true},
			"faces": {
				"up": {"uv": [0, 0, 16, 16], "texture": "#2", "cullface": "south", "tintindex": 0},
				"down": {"uv": [16, 0, 0, 16], "rotation": 180, "texture": "#2", "cullface": "south", "tintindex": 0}
			}
		},
		{
			"from": [7, 17, -3],
			"to": [20, 17, 16],
			"shade": false,
			"rotation": {"angle": -45, "axis": "z", "origin": [7, 17, 7], "rescale": true},
			"faces": {
				"up": {"uv": [0, 0, 16, 16], "rotation": 270, "texture": "#2", "cullface": "east", "tintindex": 0},
				"down": {"uv": [0, 16, 16, 0], "rotation": 90, "texture": "#2", "cullface": "east", "tintindex": 0}
			}
		},
		{
			"from": [-3, 17, -4],
			"to": [16, 17, 9],
			"shade": false,
			"rotation": {"angle": -45, "axis": "x", "origin": [7, 17, 9], "rescale": true},
			"faces": {
				"up": {"uv": [16, 16, 0, 0], "texture": "#2", "cullface": "north", "tintindex": 0},
				"down": {"uv": [0, 16, 16, 0], "rotation": 180, "texture": "#2", "cullface": "north", "tintindex": 0}
			}
		},
		{
			"from": [-5, 17, 0],
			"to": [8, 17, 19],
			"shade": false,
			"rotation": {"angle": 45, "axis": "z", "origin": [8, 17, 9], "rescale": true},
			"faces": {
				"up": {"uv": [0, 0, 16, 16], "rotation": 90, "texture": "#2", "cullface": "west", "tintindex": 0},
				"down": {"uv": [0, 16, 16, 0], "rotation": 270, "texture": "#2", "cullface": "west", "tintindex": 0}
			}
		},
		{
			"from": [6, 10, -4],
			"to": [19, 10, 15],
			"shade": false,
			"rotation": {"angle": -45, "axis": "z", "origin": [6, 10, 6], "rescale": true},
			"faces": {
				"up": {"uv": [0, 0, 16, 16], "rotation": 270, "texture": "#1", "cullface": "east", "tintindex": 0},
				"down": {"uv": [0, 16, 16, 0], "rotation": 90, "texture": "#1", "cullface": "east", "tintindex": 0}
			}
		},
		{
			"from": [1, 10, 7],
			"to": [20, 10, 20],
			"shade": false,
			"rotation": {"angle": 45, "axis": "x", "origin": [11, 10, 7], "rescale": true},
			"faces": {
				"up": {"uv": [0, 0, 16, 16], "texture": "#1", "cullface": "south", "tintindex": 0},
				"down": {"uv": [16, 0, 0, 16], "rotation": 180, "texture": "#1", "cullface": "south", "tintindex": 0}
			}
		},
		{
			"from": [-4, 10, 1],
			"to": [9, 10, 20],
			"shade": false,
			"rotation": {"angle": 45, "axis": "z", "origin": [9, 10, 10], "rescale": true},
			"faces": {
				"up": {"uv": [0, 0, 16, 16], "rotation": 90, "texture": "#1", "cullface": "west", "tintindex": 0},
				"down": {"uv": [0, 16, 16, 0], "rotation": 270, "texture": "#1", "cullface": "west", "tintindex": 0}
			}
		},
		{
			"from": [-4, 10, -3],
			"to": [15, 10, 10],
			"shade": false,
			"rotation": {"angle": -45, "axis": "x", "origin": [6, 10, 10], "rescale": true},
			"faces": {
				"up": {"uv": [16, 16, 0, 0], "texture": "#1", "cullface": "north", "tintindex": 0},
				"down": {"uv": [0, 16, 16, 0], "rotation": 180, "texture": "#1", "cullface": "north", "tintindex": 0}
			}
		}
	],
	"display": {
		"thirdperson_righthand": {
			"rotation": [49, 12, 6],
			"translation": [-0.25, 1.25, -1.25],
			"scale": [0.375, 0.375, 0.375]
		},
		"firstperson_righthand": {
			"rotation": [0, 45, 0],
			"scale": [0.4, 0.4, 0.4]
		},
		"firstperson_lefthand": {
			"rotation": [0, -135, 0],
			"scale": [0.4, 0.4, 0.4]
		},
		"ground": {
			"translation": [0, 3, 0],
			"scale": [0.25, 0.25, 0.25]
		},
		"gui": {
			"rotation": [30, -135, 0],
			"translation": [0.25, 1.5, 0],
			"scale": [0.625, 0.625, 0.625]
		},
		"fixed": {
			"scale": [0.5, 0.5, 0.5]
		}
	}
}