{
	"format_version": "1.21.6",
	"credit": "Made with Blockbench",
	"ambientocclusion": false,
	"textures": {
		"1": "block/oak_leaves/leaves_oak_01",
		"2": "block/oak_leaves/leaves_oak_02",
		"3": "block/oak_leaves/leaves_oak_03",
		"particle": "block/oak_leaves/leaves_oak_01"
	},
	"elements": [
		{
			"from": [-1, 16, 3],
			"to": [19, 16, 18],
			"shade": false,
			"rotation": {"angle": 45, "axis": "x", "origin": [9, 16, 3], "rescale": true},
			"faces": {
				"up": {"uv": [16, 0, 0, 16], "rotation": 270, "texture": "#1", "tintindex": 0},
				"down": {"uv": [0, 0, 16, 16], "rotation": 270, "texture": "#1", "tintindex": 0}
			}
		},
		{
			"from": [3, 16, -3],
			"to": [18, 16, 17],
			"shade": false,
			"rotation": {"angle": -45, "axis": "z", "origin": [3, 16, 7], "rescale": true},
			"faces": {
				"up": {"uv": [16, 0, 0, 16], "texture": "#1", "tintindex": 0},
				"down": {"uv": [16, 16, 0, 0], "texture": "#1", "tintindex": 0}
			}
		},
		{
			"from": [-3, 16, -2],
			"to": [17, 16, 13],
			"shade": false,
			"rotation": {"angle": -45, "axis": "x", "origin": [7, 16, 13], "rescale": true},
			"faces": {
				"up": {"uv": [16, 0, 0, 16], "texture": "#1", "tintindex": 0},
				"down": {"uv": [0, 0, 16, 16], "rotation": 180, "texture": "#1", "tintindex": 0}
			}
		},
		{
			"from": [-2, 16, -1],
			"to": [13, 16, 19],
			"shade": false,
			"rotation": {"angle": 45, "axis": "z", "origin": [13, 16, 9], "rescale": true},
			"faces": {
				"up": {"uv": [16, 0, 0, 16], "texture": "#1", "tintindex": 0},
				"down": {"uv": [16, 16, 0, 0], "texture": "#1", "tintindex": 0}
			}
		},
		{
			"from": [1, -2, 18],
			"to": [17, 13, 18],
			"shade": false,
			"rotation": {"angle": 22.5, "axis": "x", "origin": [9, 13, 18], "rescale": true},
			"faces": {
				"north": {"uv": [0, 0, 16, 16], "rotation": 90, "texture": "#3", "tintindex": 0},
				"south": {"uv": [16, 0, 0, 16], "rotation": 270, "texture": "#3", "tintindex": 0}
			}
		},
		{
			"from": [18, -2, -1],
			"to": [18, 13, 15],
			"shade": false,
			"rotation": {"angle": -22.5, "axis": "z", "origin": [18, 13, 7], "rescale": true},
			"faces": {
				"east": {"uv": [16, 0, 0, 16], "rotation": 90, "texture": "#3", "tintindex": 0},
				"west": {"uv": [16, 16, 0, 0], "rotation": 90, "texture": "#3", "tintindex": 0}
			}
		},
		{
			"from": [-1, -2, -2],
			"to": [15, 13, -2],
			"shade": false,
			"rotation": {"angle": -22.5, "axis": "x", "origin": [7, 13, -2], "rescale": true},
			"faces": {
				"north": {"uv": [16, 0, 0, 16], "rotation": 180, "texture": "#3", "tintindex": 0},
				"south": {"uv": [0, 0, 16, 16], "rotation": 180, "texture": "#3", "tintindex": 0}
			}
		},
		{
			"from": [-2, -2, 1],
			"to": [-2, 13, 17],
			"shade": false,
			"rotation": {"angle": 22.5, "axis": "z", "origin": [-2, 13, 9], "rescale": true},
			"faces": {
				"east": {"uv": [16, 16, 0, 0], "rotation": 270, "texture": "#3", "tintindex": 0},
				"west": {"uv": [16, 0, 0, 16], "rotation": 270, "texture": "#3", "tintindex": 0}
			}
		},
		{
			"from": [8, -2, 1],
			"to": [8, 18, 15],
			"shade": false,
			"rotation": {"angle": -45, "axis": "y", "origin": [8, 14, 8], "rescale": true},
			"faces": {
				"east": {"uv": [0, 16, 16, 0], "rotation": 270, "texture": "#2", "tintindex": 0},
				"west": {"uv": [0, 0, 16, 16], "rotation": 270, "texture": "#2", "tintindex": 0}
			}
		},
		{
			"from": [1, -2, 8],
			"to": [15, 18, 8],
			"shade": false,
			"rotation": {"angle": -45, "axis": "y", "origin": [8, 14, 8], "rescale": true},
			"faces": {
				"north": {"uv": [0, 0, 16, 16], "rotation": 270, "texture": "#2", "tintindex": 0},
				"south": {"uv": [0, 16, 16, 0], "rotation": 270, "texture": "#2", "tintindex": 0}
			}
		}
	],
	"display": {
		"thirdperson_righthand": {
			"rotation": [75, 45, 0],
			"translation": [0, 2.5, 0],
			"scale": [0.375, 0.375, 0.375]
		},
		"firstperson_righthand": {
			"rotation": [0, 45, 0],
			"scale": [0.4, 0.4, 0.4]
		},
		"firstperson_lefthand": {
			"rotation": [0, -135, 0],
			"scale": [0.4, 0.4, 0.4]
		},
		"ground": {
			"translation": [0, 3, 0],
			"scale": [0.25, 0.25, 0.25]
		},
		"gui": {
			"rotation": [30, -135, 0],
			"scale": [0.625, 0.625, 0.625]
		},
		"fixed": {
			"scale": [0.5, 0.5, 0.5]
		}
	}
}