{
	"ambientocclusion": false,
	"texture_size": [16, 32],
	"textures": {
		"particle": "block/wheat_stage7a",
		"crop": "block/wheat_stage7a"
	},
	"elements": [
		{
			"from": [0, 0, 4],
			"to": [16, 22, 4],
			"shade": false,
			"rotation": {"angle": 0, "axis": "y", "origin": [8, 1, 4]},
			"faces": {
				"north": {"uv": [0, 1.25, 16, 14.75], "texture": "#crop"},
				"south": {"uv": [16, 1.25, 0, 14.75], "texture": "#crop"}
			}
		},
		{
			"from": [4, 0, 0],
			"to": [4, 22, 16],
			"shade": false,
			"rotation": {"angle": 0, "axis": "y", "origin": [4, 1, 8]},
			"faces": {
				"east": {"uv": [0, 1.25, 16, 14.75], "texture": "#crop"},
				"west": {"uv": [16, 1.25, 0, 14.75], "texture": "#crop"}
			}
		},
		{
			"from": [0, 0, 12],
			"to": [16, 22, 12],
			"shade": false,
			"rotation": {"angle": 0, "axis": "y", "origin": [8, 1, 12]},
			"faces": {
				"north": {"uv": [16, 1.25, 0, 14.75], "texture": "#crop"},
				"south": {"uv": [0, 1.25, 16, 14.75], "texture": "#crop"}
			}
		},
		{
			"from": [12, 0, 0],
			"to": [12, 22, 16],
			"shade": false,
			"rotation": {"angle": 0, "axis": "y", "origin": [12, 1, 8]},
			"faces": {
				"east": {"uv": [16, 1.25, 0, 14.75], "texture": "#crop"},
				"west": {"uv": [0, 1.25, 16, 14.75], "texture": "#crop"}
			}
		},
		{
			"from": [2, 0, 8],
			"to": [14, 32, 8],
			"shade": false,
			"rotation": {"angle": 45, "axis": "y", "origin": [8, 16, 8], "rescale": true},
			"faces": {
				"north": {"uv": [16, 0, 0, 16], "texture": "#crop"},
				"south": {"uv": [0, 0, 16, 16], "texture": "#crop"}
			}
		},
		{
			"from": [2, 0, 8],
			"to": [14, 32, 8],
			"shade": false,
			"rotation": {"angle": -45, "axis": "y", "origin": [8, 16, 8], "rescale": true},
			"faces": {
				"north": {"uv": [16, 0, 0, 16], "texture": "#crop"},
				"south": {"uv": [0, 0, 16, 16], "texture": "#crop"}
			}
		}
	],
	"format_version": "1.21.6"
}